뮤지컬 제목,관람일,관람요일,관람 시간,티켓 가격,판매액,일별 예매율,출연진,공연 시설명,공연장 최대 수용 수,줄거리,공연 장르
Musical_10,12/14,Sat,19:00,50000,35197006,73.63,"Actor W,Actor L,Actor Z,Actor S,Actor H",West End Theatre,956,This is a fascinating story about love and sacrifice.,Historical
Musical_10,11/22,Fri,14:00,50000,29074758,60.83,"Actor A,Actor T,Actor S,Actor J,Actor O",West End Theatre,956,This is a fascinating story about love and sacrifice.,Historical
Musical_10,12/02,Mon,14:00,50000,18945746,39.64,"Actor U,Actor F,Actor Y,Actor T,Actor O",West End Theatre,956,This is a fascinating story about love and sacrifice.,Historical
Musical_10,12/12,Thu,19:00,50000,24242986,50.72,"Actor Q,Actor Y,Actor H,Actor A,Actor S",West End Theatre,956,This is a fascinating story about love and sacrifice.,Historical
Musical_10,12/10,Tue,19:00,50000,20463160,42.81,"Actor R,Actor J,Actor D,Actor X,Actor P",West End Theatre,956,This is a fascinating story about love and sacrifice.,Historical
Musical_10,12/09,Mon,14:00,50000,10980910,22.97,"Actor O,Actor F,Actor H,Actor G,Actor C",West End Theatre,956,This is a fascinating story about love and sacrifice.,Historical
Musical_10,12/14,Sat,14:00,50000,9696094,20.28,"Actor T,Actor R,Actor J,Actor O,Actor H",West End Theatre,956,This is a fascinating story about love and sacrifice.,Historical
Musical_10,12/13,Fri,19:00,50000,36289868,75.92,"Actor V,Actor O,Actor U,Actor S,Actor R",West End Theatre,956,This is a fascinating story about love and sacrifice.,Historical
Musical_10,11/16,Sat,14:00,50000,19825978,41.48,"Actor P,Actor V,Actor T,Actor X,Actor A",West End Theatre,956,This is a fascinating story about love and sacrifice.,Historical
Musical_10,12/10,Tue,14:00,50000,31673255,66.26,"Actor A,Actor L,Actor E,Actor U,Actor T",West End Theatre,956,This is a fascinating story about love and sacrifice.,Historical
Musical_10,11/27,Wed,14:00,50000,719241,1.5,"Actor D,Actor F,Actor S,Actor B,Actor K",West End Theatre,956,This is a fascinating story about love and sacrifice.,Historical
Musical_10,12/05,Thu,14:00,50000,37181992,77.79,"Actor U,Actor V,Actor N,Actor P,Actor J",West End Theatre,956,This is a fascinating story about love and sacrifice.,Historical
Musical_10,11/29,Fri,19:00,50000,14386381,30.1,"Actor A,Actor Z,Actor K,Actor V,Actor Y",West End Theatre,956,This is a fascinating story about love and sacrifice.,Historical
Musical_10,11/17,Sun,14:00,50000,21548940,45.08,"Actor X,Actor K,Actor L,Actor C,Actor W",West End Theatre,956,This is a fascinating story about love and sacrifice.,Historical
Musical_10,11/19,Tue,14:00,50000,10877607,22.76,"Actor L,Actor P,Actor R,Actor F,Actor Y",West End Theatre,956,This is a fascinating story about love and sacrifice.,Historical
Musical_10,11/28,Thu,19:00,50000,6381621,13.35,"Actor D,Actor C,Actor T,Actor I,Actor L",West End Theatre,956,This is a fascinating story about love and sacrifice.,Historical
Musical_10,11/30,Sat,14:00,50000,21713662,45.43,"Actor I,Actor V,Actor O,Actor C,Actor Y",West End Theatre,956,This is a fascinating story about love and sacrifice.,Historical
Musical_10,11/30,Sat,14:00,50000,31159608,65.19,"Actor Z,Actor F,Actor C,Actor B,Actor P",West End Theatre,956,This is a fascinating story about love and sacrifice.,Historical
Musical_10,11/23,Sat,14:00,50000,10282395,21.51,"Actor A,Actor Q,Actor V,Actor F,Actor Z",West End Theatre,956,This is a fascinating story about love and sacrifice.,Historical
Musical_10,12/04,Wed,14:00,50000,38154587,79.82,"Actor Q,Actor C,Actor S,Actor N,Actor T",West End Theatre,956,This is a fascinating story about love and sacrifice.,Historical
Musical_11,12/11,Wed,19:00,50000,40196402,84.71,"Actor J,Actor M,Actor N,Actor S,Actor Y",Sydney Opera House,949,This is a fascinating story about love and sacrifice.,Fantasy
Musical_11,12/15,Sun,14:00,50000,21882753,46.12,"Actor M,Actor F,Actor D,Actor J,Actor A",Sydney Opera House,949,This is a fascinating story about love and sacrifice.,Fantasy
Musical_11,11/25,Mon,19:00,50000,7130785,15.03,"Actor H,Actor C,Actor D,Actor V,Actor T",Sydney Opera House,949,This is a fascinating story about love and sacrifice.,Fantasy
Musical_11,11/20,Wed,14:00,50000,16342432,34.44,"Actor G,Actor U,Actor B,Actor K,Actor S",Sydney Opera House,949,This is a fascinating story about love and sacrifice.,Fantasy
Musical_11,11/27,Wed,19:00,50000,10749498,22.65,"Actor Z,Actor A,Actor F,Actor D,Actor R",Sydney Opera House,949,This is a fascinating story about love and sacrifice.,Fantasy
Musical_11,11/29,Fri,19:00,50000,6657605,14.03,"Actor E,Actor L,Actor V,Actor P,Actor R",Sydney Opera House,949,This is a fascinating story about love and sacrifice.,Fantasy
Musical_11,11/30,Sat,19:00,50000,12436684,26.21,"Actor L,Actor W,Actor J,Actor Z,Actor X",Sydney Opera House,949,This is a fascinating story about love and sacrifice.,Fantasy
Musical_11,11/24,Sun,19:00,50000,45476431,95.84,"Actor A,Actor U,Actor P,Actor S,Actor M",Sydney Opera House,949,This is a fascinating story about love and sacrifice.,Fantasy
Musical_11,12/14,Sat,19:00,50000,12421627,26.18,"Actor L,Actor Y,Actor K,Actor A,Actor G",Sydney Opera House,949,This is a fascinating story about love and sacrifice.,Fantasy
Musical_11,11/16,Sat,14:00,50000,7110122,14.98,"Actor X,Actor P,Actor H,Actor I,Actor L",Sydney Opera House,949,This is a fascinating story about love and sacrifice.,Fantasy
Musical_11,11/24,Sun,14:00,50000,24511269,51.66,"Actor F,Actor J,Actor O,Actor R,Actor K",Sydney Opera House,949,This is a fascinating story about love and sacrifice.,Fantasy
Musical_11,12/07,Sat,19:00,50000,16145897,34.03,"Actor T,Actor H,Actor C,Actor R,Actor X",Sydney Opera House,949,This is a fascinating story about love and sacrifice.,Fantasy
Musical_11,11/18,Mon,14:00,50000,20105465,42.37,"Actor U,Actor E,Actor P,Actor J,Actor N",Sydney Opera House,949,This is a fascinating story about love and sacrifice.,Fantasy
Musical_11,12/05,Thu,19:00,50000,17607130,37.11,"Actor A,Actor T,Actor U,Actor K,Actor R",Sydney Opera House,949,This is a fascinating story about love and sacrifice.,Fantasy
Musical_11,12/12,Thu,19:00,50000,11638941,24.53,"Actor J,Actor Q,Actor E,Actor N,Actor G",Sydney Opera House,949,This is a fascinating story about love and sacrifice.,Fantasy
Musical_11,11/17,Sun,19:00,50000,34105123,71.88,"Actor F,Actor X,Actor G,Actor E,Actor J",Sydney Opera House,949,This is a fascinating story about love and sacrifice.,Fantasy
Musical_11,12/04,Wed,14:00,50000,26330124,55.49,"Actor A,Actor N,Actor W,Actor D,Actor B",Sydney Opera House,949,This is a fascinating story about love and sacrifice.,Fantasy
Musical_11,11/22,Fri,19:00,50000,17682215,37.26,"Actor F,Actor Z,Actor D,Actor X,Actor A",Sydney Opera House,949,This is a fascinating story about love and sacrifice.,Fantasy
Musical_11,11/30,Sat,14:00,50000,18245328,38.45,"Actor R,Actor G,Actor K,Actor J,Actor U",Sydney Opera House,949,This is a fascinating story about love and sacrifice.,Fantasy
Musical_11,12/08,Sun,14:00,50000,45232799,95.33,"Actor Q,Actor Z,Actor M,Actor U,Actor D",Sydney Opera House,949,This is a fascinating story about love and sacrifice.,Fantasy
Musical_12,11/21,Thu,19:00,90000,34859749,40.81,"Actor A,Actor R,Actor K,Actor X,Actor U",Sydney Opera House,949,This is a fascinating story about love and sacrifice.,Drama
Musical_12,12/15,Sun,19:00,90000,4024202,4.71,"Actor I,Actor R,Actor F,Actor N,Actor V",Sydney Opera House,949,This is a fascinating story about love and sacrifice.,Drama
Musical_12,12/10,Tue,19:00,90000,12182918,14.26,"Actor H,Actor Z,Actor E,Actor D,Actor T",Sydney Opera House,949,This is a fascinating story about love and sacrifice.,Drama
Musical_12,11/29,Fri,14:00,90000,9049752,10.6,"Actor N,Actor R,Actor U,Actor P,Actor W",Sydney Opera House,949,This is a fascinating story about love and sacrifice.,Drama
Musical_12,12/03,Tue,19:00,90000,29546550,34.59,"Actor C,Actor P,Actor Y,Actor Q,Actor Z",Sydney Opera House,949,This is a fascinating story about love and sacrifice.,Drama
Musical_12,11/25,Mon,19:00,90000,9248078,10.83,"Actor Y,Actor N,Actor X,Actor O,Actor L",Sydney Opera House,949,This is a fascinating story about love and sacrifice.,Drama
Musical_12,12/09,Mon,19:00,90000,16168544,18.93,"Actor P,Actor D,Actor Q,Actor N,Actor O",Sydney Opera House,949,This is a fascinating story about love and sacrifice.,Drama
Musical_12,12/07,Sat,14:00,90000,21847159,25.58,"Actor C,Actor A,Actor L,Actor K,Actor J",Sydney Opera House,949,This is a fascinating story about love and sacrifice.,Drama
Musical_12,11/26,Tue,19:00,90000,41918141,49.08,"Actor W,Actor A,Actor Y,Actor R,Actor X",Sydney Opera House,949,This is a fascinating story about love and sacrifice.,Drama
Musical_12,11/17,Sun,19:00,90000,41786076,48.92,"Actor K,Actor O,Actor F,Actor V,Actor P",Sydney Opera House,949,This is a fascinating story about love and sacrifice.,Drama
Musical_12,12/14,Sat,14:00,90000,3989528,4.67,"Actor K,Actor W,Actor E,Actor R,Actor O",Sydney Opera House,949,This is a fascinating story about love and sacrifice.,Drama
Musical_12,11/23,Sat,19:00,90000,16322893,19.11,"Actor J,Actor K,Actor X,Actor I,Actor C",Sydney Opera House,949,This is a fascinating story about love and sacrifice.,Drama
Musical_12,12/15,Sun,14:00,90000,38259494,44.8,"Actor S,Actor F,Actor X,Actor B,Actor O",Sydney Opera House,949,This is a fascinating story about love and sacrifice.,Drama
Musical_12,12/14,Sat,14:00,90000,7189824,8.42,"Actor U,Actor H,Actor D,Actor B,Actor L",Sydney Opera House,949,This is a fascinating story about love and sacrifice.,Drama
Musical_12,12/08,Sun,14:00,90000,42871524,50.19,"Actor X,Actor O,Actor H,Actor W,Actor V",Sydney Opera House,949,This is a fascinating story about love and sacrifice.,Drama
Musical_12,12/14,Sat,14:00,90000,33281198,38.97,"Actor X,Actor B,Actor H,Actor Q,Actor Z",Sydney Opera House,949,This is a fascinating story about love and sacrifice.,Drama
Musical_12,12/09,Mon,14:00,90000,7322674,8.57,"Actor Y,Actor T,Actor N,Actor F,Actor H",Sydney Opera House,949,This is a fascinating story about love and sacrifice.,Drama
Musical_12,12/06,Fri,14:00,90000,22682108,26.56,"Actor X,Actor C,Actor A,Actor D,Actor B",Sydney Opera House,949,This is a fascinating story about love and sacrifice.,Drama
Musical_12,11/30,Sat,19:00,90000,13063828,15.3,"Actor B,Actor X,Actor T,Actor A,Actor L",Sydney Opera House,949,This is a fascinating story about love and sacrifice.,Drama
Musical_12,12/14,Sat,19:00,90000,16115497,18.87,"Actor E,Actor L,Actor H,Actor B,Actor S",Sydney Opera House,949,This is a fascinating story about love and sacrifice.,Drama
Musical_13,12/04,Wed,19:00,70000,37621532,56.22,"Actor I,Actor N,Actor F,Actor O,Actor H",West End Theatre,956,This is a fascinating story about love and sacrifice.,Drama
Musical_13,11/26,Tue,19:00,70000,15580634,23.28,"Actor E,Actor F,Actor M,Actor N,Actor J",West End Theatre,956,This is a fascinating story about love and sacrifice.,Drama
Musical_13,12/10,Tue,14:00,70000,14866003,22.21,"Actor U,Actor W,Actor P,Actor L,Actor D",West End Theatre,956,This is a fascinating story about love and sacrifice.,Drama
Musical_13,11/19,Tue,14:00,70000,3038534,4.54,"Actor P,Actor V,Actor Z,Actor L,Actor O",West End Theatre,956,This is a fascinating story about love and sacrifice.,Drama
Musical_13,12/06,Fri,14:00,70000,36892031,55.13,"Actor Q,Actor O,Actor K,Actor N,Actor B",West End Theatre,956,This is a fascinating story about love and sacrifice.,Drama
Musical_13,11/26,Tue,14:00,70000,40756406,60.9,"Actor B,Actor R,Actor E,Actor W,Actor A",West End Theatre,956,This is a fascinating story about love and sacrifice.,Drama
Musical_13,12/10,Tue,14:00,70000,20308791,30.35,"Actor R,Actor F,Actor B,Actor W,Actor T",West End Theatre,956,This is a fascinating story about love and sacrifice.,Drama
Musical_13,11/29,Fri,19:00,70000,36372982,54.35,"Actor X,Actor I,Actor E,Actor Y,Actor Z",West End Theatre,956,This is a fascinating story about love and sacrifice.,Drama
Musical_13,12/11,Wed,14:00,70000,13520980,20.2,"Actor S,Actor V,Actor F,Actor D,Actor M",West End Theatre,956,This is a fascinating story about love and sacrifice.,Drama
Musical_13,11/18,Mon,14:00,70000,41752501,62.39,"Actor T,Actor Z,Actor W,Actor A,Actor L",West End Theatre,956,This is a fascinating story about love and sacrifice.,Drama
Musical_13,12/05,Thu,14:00,70000,31370826,46.88,"Actor X,Actor S,Actor F,Actor T,Actor U",West End Theatre,956,This is a fascinating story about love and sacrifice.,Drama
Musical_13,11/24,Sun,14:00,70000,38326446,57.27,"Actor S,Actor K,Actor C,Actor Q,Actor B",West End Theatre,956,This is a fascinating story about love and sacrifice.,Drama
Musical_13,11/26,Tue,19:00,70000,17721916,26.48,"Actor G,Actor X,Actor H,Actor N,Actor K",West End Theatre,956,This is a fascinating story about love and sacrifice.,Drama
Musical_13,12/09,Mon,19:00,70000,34792844,51.99,"Actor B,Actor X,Actor J,Actor N,Actor Y",West End Theatre,956,This is a fascinating story about love and sacrifice.,Drama
Musical_13,12/07,Sat,19:00,70000,11955895,17.87,"Actor K,Actor X,Actor O,Actor I,Actor C",West End Theatre,956,This is a fascinating story about love and sacrifice.,Drama
Musical_13,11/24,Sun,19:00,70000,6175499,9.23,"Actor N,Actor Y,Actor U,Actor V,Actor Z",West End Theatre,956,This is a fascinating story about love and sacrifice.,Drama
Musical_13,11/24,Sun,14:00,70000,34788894,51.99,"Actor O,Actor C,Actor G,Actor A,Actor L",West End Theatre,956,This is a fascinating story about love and sacrifice.,Drama
Musical_13,12/09,Mon,19:00,70000,27868947,41.65,"Actor Q,Actor A,Actor E,Actor R,Actor S",West End Theatre,956,This is a fascinating story about love and sacrifice.,Drama
Musical_13,12/04,Wed,14:00,70000,36732655,54.89,"Actor C,Actor J,Actor A,Actor Y,Actor S",West End Theatre,956,This is a fascinating story about love and sacrifice.,Drama
Musical_13,12/06,Fri,19:00,70000,378371,0.57,"Actor Q,Actor A,Actor X,Actor G,Actor O",West End Theatre,956,This is a fascinating story about love and sacrifice.,Drama
Musical_14,12/14,Sat,19:00,70000,43390400,62.99,"Actor E,Actor P,Actor T,Actor H,Actor R",Seoul Arts Center,984,This is a fascinating story about love and sacrifice.,Historical
Musical_14,12/01,Sun,14:00,70000,10092401,14.65,"Actor Z,Actor B,Actor T,Actor G,Actor V",Seoul Arts Center,984,This is a fascinating story about love and sacrifice.,Historical
Musical_14,12/08,Sun,19:00,70000,27504530,39.93,"Actor S,Actor Z,Actor B,Actor D,Actor R",Seoul Arts Center,984,This is a fascinating story about love and sacrifice.,Historical
Musical_14,11/26,Tue,19:00,70000,39283412,57.03,"Actor M,Actor D,Actor K,Actor Q,Actor C",Seoul Arts Center,984,This is a fascinating story about love and sacrifice.,Historical
Musical_14,12/04,Wed,14:00,70000,2771432,4.02,"Actor M,Actor U,Actor B,Actor Y,Actor X",Seoul Arts Center,984,This is a fascinating story about love and sacrifice.,Historical
Musical_14,12/13,Fri,19:00,70000,7450038,10.82,"Actor X,Actor K,Actor J,Actor P,Actor C",Seoul Arts Center,984,This is a fascinating story about love and sacrifice.,Historical
Musical_14,12/02,Mon,19:00,70000,4299741,6.24,"Actor G,Actor B,Actor E,Actor N,Actor Q",Seoul Arts Center,984,This is a fascinating story about love and sacrifice.,Historical
Musical_14,12/13,Fri,19:00,70000,8493428,12.33,"Actor O,Actor Y,Actor F,Actor W,Actor U",Seoul Arts Center,984,This is a fascinating story about love and sacrifice.,Historical
Musical_14,11/30,Sat,14:00,70000,4463244,6.48,"Actor K,Actor Z,Actor H,Actor J,Actor X",Seoul Arts Center,984,This is a fascinating story about love and sacrifice.,Historical
Musical_14,11/29,Fri,19:00,70000,41123388,59.7,"Actor A,Actor E,Actor C,Actor T,Actor S",Seoul Arts Center,984,This is a fascinating story about love and sacrifice.,Historical
Musical_14,12/11,Wed,14:00,70000,11677170,16.95,"Actor Q,Actor B,Actor E,Actor F,Actor U",Seoul Arts Center,984,This is a fascinating story about love and sacrifice.,Historical
Musical_14,12/02,Mon,14:00,70000,2669228,3.88,"Actor Z,Actor G,Actor E,Actor J,Actor H",Seoul Arts Center,984,This is a fascinating story about love and sacrifice.,Historical
Musical_14,12/07,Sat,19:00,70000,8393831,12.19,"Actor Q,Actor W,Actor Z,Actor A,Actor O",Seoul Arts Center,984,This is a fascinating story about love and sacrifice.,Historical
Musical_14,12/10,Tue,14:00,70000,38262807,55.55,"Actor P,Actor V,Actor D,Actor L,Actor H",Seoul Arts Center,984,This is a fascinating story about love and sacrifice.,Historical
Musical_14,12/07,Sat,19:00,70000,2687718,3.9,"Actor L,Actor I,Actor X,Actor J,Actor E",Seoul Arts Center,984,This is a fascinating story about love and sacrifice.,Historical
Musical_14,12/01,Sun,14:00,70000,37865171,54.97,"Actor P,Actor M,Actor Q,Actor K,Actor U",Seoul Arts Center,984,This is a fascinating story about love and sacrifice.,Historical
Musical_14,12/11,Wed,14:00,70000,50040827,72.65,"Actor U,Actor E,Actor H,Actor Y,Actor W",Seoul Arts Center,984,This is a fascinating story about love and sacrifice.,Historical
Musical_14,12/08,Sun,14:00,70000,28925846,41.99,"Actor T,Actor I,Actor U,Actor V,Actor B",Seoul Arts Center,984,This is a fascinating story about love and sacrifice.,Historical
Musical_14,12/14,Sat,19:00,70000,13728348,19.93,"Actor F,Actor K,Actor P,Actor B,Actor M",Seoul Arts Center,984,This is a fascinating story about love and sacrifice.,Historical
Musical_14,11/23,Sat,19:00,70000,53023513,76.98,"Actor R,Actor D,Actor S,Actor I,Actor Q",Seoul Arts Center,984,This is a fascinating story about love and sacrifice.,Historical
Musical_15,11/27,Wed,19:00,70000,38049121,56.98,"Actor E,Actor Y,Actor J,Actor M,Actor O",National Theatre,954,This is a fascinating story about love and sacrifice.,Comedy
Musical_15,12/09,Mon,14:00,70000,29141948,43.64,"Actor G,Actor T,Actor D,Actor F,Actor K",National Theatre,954,This is a fascinating story about love and sacrifice.,Comedy
Musical_15,11/29,Fri,19:00,70000,57083031,85.48,"Actor O,Actor Q,Actor N,Actor L,Actor A",National Theatre,954,This is a fascinating story about love and sacrifice.,Comedy
Musical_15,11/16,Sat,14:00,70000,38256022,57.29,"Actor Z,Actor L,Actor W,Actor C,Actor B",National Theatre,954,This is a fascinating story about love and sacrifice.,Comedy
Musical_15,11/21,Thu,14:00,70000,50638397,75.83,"Actor O,Actor D,Actor N,Actor Q,Actor X",National Theatre,954,This is a fascinating story about love and sacrifice.,Comedy
Musical_15,12/15,Sun,14:00,70000,10154355,15.21,"Actor X,Actor N,Actor J,Actor R,Actor E",National Theatre,954,This is a fascinating story about love and sacrifice.,Comedy
Musical_15,12/07,Sat,14:00,70000,10088777,15.11,"Actor T,Actor W,Actor K,Actor H,Actor A",National Theatre,954,This is a fascinating story about love and sacrifice.,Comedy
Musical_15,12/07,Sat,14:00,70000,9602694,14.38,"Actor R,Actor X,Actor C,Actor T,Actor W",National Theatre,954,This is a fascinating story about love and sacrifice.,Comedy
Musical_15,11/17,Sun,19:00,70000,4210646,6.31,"Actor Q,Actor V,Actor H,Actor L,Actor I",National Theatre,954,This is a fascinating story about love and sacrifice.,Comedy
Musical_15,11/21,Thu,19:00,70000,44285436,66.32,"Actor B,Actor Q,Actor U,Actor A,Actor Z",National Theatre,954,This is a fascinating story about love and sacrifice.,Comedy
Musical_15,12/02,Mon,19:00,70000,58335590,87.35,"Actor M,Actor K,Actor T,Actor U,Actor Q",National Theatre,954,This is a fascinating story about love and sacrifice.,Comedy
Musical_15,12/08,Sun,14:00,70000,41252524,61.77,"Actor V,Actor T,Actor Z,Actor B,Actor D",National Theatre,954,This is a fascinating story about love and sacrifice.,Comedy
Musical_15,12/03,Tue,19:00,70000,6258709,9.37,"Actor S,Actor P,Actor Q,Actor B,Actor Z",National Theatre,954,This is a fascinating story about love and sacrifice.,Comedy
Musical_15,11/20,Wed,19:00,70000,14312294,21.43,"Actor D,Actor R,Actor B,Actor S,Actor W",National Theatre,954,This is a fascinating story about love and sacrifice.,Comedy
Musical_15,11/16,Sat,14:00,70000,5545528,8.3,"Actor G,Actor C,Actor J,Actor O,Actor E",National Theatre,954,This is a fascinating story about love and sacrifice.,Comedy
Musical_15,12/01,Sun,14:00,70000,36351689,54.43,"Actor X,Actor O,Actor H,Actor J,Actor Y",National Theatre,954,This is a fascinating story about love and sacrifice.,Comedy
Musical_15,11/23,Sat,19:00,70000,27141754,40.64,"Actor H,Actor Y,Actor I,Actor W,Actor Q",National Theatre,954,This is a fascinating story about love and sacrifice.,Comedy
Musical_15,12/12,Thu,14:00,70000,18174154,27.21,"Actor O,Actor H,Actor G,Actor Q,Actor T",National Theatre,954,This is a fascinating story about love and sacrifice.,Comedy
Musical_15,12/06,Fri,14:00,70000,37796849,56.6,"Actor O,Actor P,Actor N,Actor I,Actor F",National Theatre,954,This is a fascinating story about love and sacrifice.,Comedy
Musical_15,12/14,Sat,14:00,70000,54460977,81.55,"Actor K,Actor G,Actor O,Actor Y,Actor T",National Theatre,954,This is a fascinating story about love and sacrifice.,Comedy
Musical_16,11/20,Wed,19:00,90000,14501763,16.98,"Actor C,Actor S,Actor U,Actor P,Actor I",Sydney Opera House,949,This is a fascinating story about love and sacrifice.,Comedy
Musical_16,11/21,Thu,14:00,90000,45698606,53.5,"Actor E,Actor D,Actor A,Actor G,Actor Q",Sydney Opera House,949,This is a fascinating story about love and sacrifice.,Comedy
Musical_16,11/30,Sat,14:00,90000,11817873,13.84,"Actor M,Actor U,Actor K,Actor H,Actor T",Sydney Opera House,949,This is a fascinating story about love and sacrifice.,Comedy
Musical_16,11/21,Thu,19:00,90000,3476336,4.07,"Actor X,Actor C,Actor P,Actor G,Actor D",Sydney Opera House,949,This is a fascinating story about love and sacrifice.,Comedy
Musical_16,12/08,Sun,14:00,90000,46403137,54.33,"Actor I,Actor R,Actor V,Actor G,Actor H",Sydney Opera House,949,This is a fascinating story about love and sacrifice.,Comedy
Musical_16,12/14,Sat,14:00,90000,33917284,39.71,"Actor C,Actor D,Actor K,Actor A,Actor N",Sydney Opera House,949,This is a fascinating story about love and sacrifice.,Comedy
Musical_16,11/16,Sat,19:00,90000,19855154,23.25,"Actor L,Actor H,Actor P,Actor I,Actor Y",Sydney Opera House,949,This is a fascinating story about love and sacrifice.,Comedy
Musical_16,12/02,Mon,14:00,90000,44111626,51.65,"Actor Q,Actor D,Actor W,Actor J,Actor T",Sydney Opera House,949,This is a fascinating story about love and sacrifice.,Comedy
Musical_16,11/18,Mon,19:00,90000,7165864,8.39,"Actor Z,Actor Y,Actor S,Actor G,Actor M",Sydney Opera House,949,This is a fascinating story about love and sacrifice.,Comedy
Musical_16,11/22,Fri,19:00,90000,43578780,51.02,"Actor T,Actor I,Actor J,Actor D,Actor E",Sydney Opera House,949,This is a fascinating story about love and sacrifice.,Comedy
Musical_16,12/12,Thu,14:00,90000,48991688,57.36,"Actor V,Actor P,Actor T,Actor E,Actor R",Sydney Opera House,949,This is a fascinating story about love and sacrifice.,Comedy
Musical_16,11/24,Sun,19:00,90000,48906555,57.26,"Actor F,Actor R,Actor P,Actor V,Actor D",Sydney Opera House,949,This is a fascinating story about love and sacrifice.,Comedy
Musical_16,12/01,Sun,14:00,90000,47553861,55.68,"Actor E,Actor T,Actor N,Actor G,Actor Z",Sydney Opera House,949,This is a fascinating story about love and sacrifice.,Comedy
Musical_16,12/13,Fri,14:00,90000,35476608,41.54,"Actor B,Actor D,Actor K,Actor R,Actor I",Sydney Opera House,949,This is a fascinating story about love and sacrifice.,Comedy
Musical_16,12/06,Fri,19:00,90000,43501487,50.93,"Actor N,Actor S,Actor O,Actor G,Actor F",Sydney Opera House,949,This is a fascinating story about love and sacrifice.,Comedy
Musical_16,12/05,Thu,19:00,90000,50118625,58.68,"Actor F,Actor A,Actor Q,Actor B,Actor C",Sydney Opera House,949,This is a fascinating story about love and sacrifice.,Comedy
Musical_16,11/25,Mon,19:00,90000,13599625,15.92,"Actor Z,Actor O,Actor Y,Actor K,Actor L",Sydney Opera House,949,This is a fascinating story about love and sacrifice.,Comedy
Musical_16,12/11,Wed,19:00,90000,4715281,5.52,"Actor A,Actor O,Actor Q,Actor C,Actor I",Sydney Opera House,949,This is a fascinating story about love and sacrifice.,Comedy
Musical_16,12/09,Mon,19:00,90000,17894443,20.95,"Actor M,Actor F,Actor T,Actor O,Actor X",Sydney Opera House,949,This is a fascinating story about love and sacrifice.,Comedy
Musical_16,12/09,Mon,14:00,90000,16138455,18.9,"Actor A,Actor O,Actor U,Actor F,Actor L",Sydney Opera House,949,This is a fascinating story about love and sacrifice.,Comedy
Musical_17,11/16,Sat,14:00,50000,37540577,78.7,"Actor R,Actor K,Actor A,Actor T,Actor P",National Theatre,954,This is a fascinating story about love and sacrifice.,Drama
Musical_17,11/26,Tue,14:00,50000,27564181,57.79,"Actor Y,Actor O,Actor X,Actor J,Actor F",National Theatre,954,This is a fascinating story about love and sacrifice.,Drama
Musical_17,12/10,Tue,19:00,50000,30683146,64.33,"Actor C,Actor R,Actor A,Actor O,Actor L",National Theatre,954,This is a fascinating story about love and sacrifice.,Drama
Musical_17,12/10,Tue,19:00,50000,24569645,51.51,"Actor E,Actor J,Actor R,Actor T,Actor K",National Theatre,954,This is a fascinating story about love and sacrifice.,Drama
Musical_17,11/24,Sun,14:00,50000,16980599,35.6,"Actor Z,Actor O,Actor T,Actor M,Actor K",National Theatre,954,This is a fascinating story about love and sacrifice.,Drama
Musical_17,12/08,Sun,19:00,50000,35389018,74.19,"Actor Q,Actor T,Actor B,Actor H,Actor U",National Theatre,954,This is a fascinating story about love and sacrifice.,Drama
Musical_17,12/04,Wed,19:00,50000,4804559,10.07,"Actor J,Actor M,Actor G,Actor C,Actor E",National Theatre,954,This is a fascinating story about love and sacrifice.,Drama
Musical_17,11/20,Wed,14:00,50000,4992271,10.47,"Actor O,Actor N,Actor U,Actor B,Actor Q",National Theatre,954,This is a fascinating story about love and sacrifice.,Drama
Musical_17,12/08,Sun,14:00,50000,29417479,61.67,"Actor S,Actor Y,Actor G,Actor K,Actor Z",National Theatre,954,This is a fascinating story about love and sacrifice.,Drama
Musical_17,11/19,Tue,14:00,50000,42411613,88.91,"Actor F,Actor R,Actor Y,Actor T,Actor H",National Theatre,954,This is a fascinating story about love and sacrifice.,Drama
Musical_17,12/10,Tue,14:00,50000,7649677,16.04,"Actor J,Actor W,Actor E,Actor A,Actor I",National Theatre,954,This is a fascinating story about love and sacrifice.,Drama
Musical_17,11/23,Sat,14:00,50000,8618893,18.07,"Actor N,Actor A,Actor D,Actor P,Actor J",National Theatre,954,This is a fascinating story about love and sacrifice.,Drama
Musical_17,12/10,Tue,14:00,50000,2414445,5.06,"Actor M,Actor Q,Actor S,Actor O,Actor V",National Theatre,954,This is a fascinating story about love and sacrifice.,Drama
Musical_17,11/27,Wed,19:00,50000,4738129,9.93,"Actor V,Actor O,Actor U,Actor B,Actor Z",National Theatre,954,This is a fascinating story about love and sacrifice.,Drama
Musical_17,11/26,Tue,19:00,50000,19303193,40.47,"Actor Y,Actor D,Actor E,Actor K,Actor U",National Theatre,954,This is a fascinating story about love and sacrifice.,Drama
Musical_17,11/27,Wed,19:00,50000,37683302,79.0,"Actor F,Actor T,Actor Z,Actor J,Actor S",National Theatre,954,This is a fascinating story about love and sacrifice.,Drama
Musical_17,12/07,Sat,14:00,50000,28886199,60.56,"Actor U,Actor Q,Actor O,Actor E,Actor J",National Theatre,954,This is a fascinating story about love and sacrifice.,Drama
Musical_17,11/27,Wed,14:00,50000,27845123,58.38,"Actor R,Actor A,Actor X,Actor N,Actor Z",National Theatre,954,This is a fascinating story about love and sacrifice.,Drama
Musical_17,12/02,Mon,19:00,50000,37163130,77.91,"Actor Y,Actor H,Actor L,Actor V,Actor K",National Theatre,954,This is a fascinating story about love and sacrifice.,Drama
Musical_17,12/09,Mon,19:00,50000,10213809,21.41,"Actor Q,Actor S,Actor B,Actor T,Actor M",National Theatre,954,This is a fascinating story about love and sacrifice.,Drama
Musical_18,12/13,Fri,19:00,50000,10164632,21.42,"Actor Q,Actor R,Actor K,Actor P,Actor W",Sydney Opera House,949,This is a fascinating story about love and sacrifice.,Romance
Musical_18,11/22,Fri,14:00,50000,19905361,41.95,"Actor B,Actor Y,Actor X,Actor L,Actor R",Sydney Opera House,949,This is a fascinating story about love and sacrifice.,Romance
Musical_18,12/12,Thu,14:00,50000,40294642,84.92,"Actor S,Actor P,Actor N,Actor D,Actor Z",Sydney Opera House,949,This is a fascinating story about love and sacrifice.,Romance
Musical_18,12/11,Wed,19:00,50000,34158267,71.99,"Actor R,Actor O,Actor Y,Actor L,Actor W",Sydney Opera House,949,This is a fascinating story about love and sacrifice.,Romance
Musical_18,12/02,Mon,14:00,50000,39497808,83.24,"Actor K,Actor F,Actor R,Actor Y,Actor L",Sydney Opera House,949,This is a fascinating story about love and sacrifice.,Romance
Musical_18,11/24,Sun,19:00,50000,13488919,28.43,"Actor C,Actor J,Actor G,Actor K,Actor X",Sydney Opera House,949,This is a fascinating story about love and sacrifice.,Romance
Musical_18,12/09,Mon,19:00,50000,23005047,48.48,"Actor Y,Actor R,Actor C,Actor A,Actor S",Sydney Opera House,949,This is a fascinating story about love and sacrifice.,Romance
Musical_18,11/22,Fri,14:00,50000,6880632,14.5,"Actor P,Actor R,Actor V,Actor O,Actor E",Sydney Opera House,949,This is a fascinating story about love and sacrifice.,Romance
Musical_18,11/25,Mon,19:00,50000,34215124,72.11,"Actor K,Actor O,Actor I,Actor U,Actor P",Sydney Opera House,949,This is a fascinating story about love and sacrifice.,Romance
Musical_18,12/07,Sat,19:00,50000,27869520,58.73,"Actor Z,Actor O,Actor G,Actor H,Actor L",Sydney Opera House,949,This is a fascinating story about love and sacrifice.,Romance
Musical_18,11/21,Thu,14:00,50000,19218977,40.5,"Actor P,Actor R,Actor G,Actor O,Actor C",Sydney Opera House,949,This is a fascinating story about love and sacrifice.,Romance
Musical_18,12/15,Sun,19:00,50000,24232849,51.07,"Actor H,Actor R,Actor W,Actor A,Actor B",Sydney Opera House,949,This is a fascinating story about love and sacrifice.,Romance
Musical_18,11/28,Thu,19:00,50000,20107084,42.38,"Actor A,Actor J,Actor B,Actor Q,Actor O",Sydney Opera House,949,This is a fascinating story about love and sacrifice.,Romance
Musical_18,12/05,Thu,14:00,50000,13860950,29.21,"Actor Z,Actor C,Actor R,Actor A,Actor D",Sydney Opera House,949,This is a fascinating story about love and sacrifice.,Romance
Musical_18,11/21,Thu,19:00,50000,33274692,70.13,"Actor S,Actor T,Actor H,Actor W,Actor P",Sydney Opera House,949,This is a fascinating story about love and sacrifice.,Romance
Musical_18,12/11,Wed,14:00,50000,41453156,87.36,"Actor I,Actor M,Actor T,Actor W,Actor U",Sydney Opera House,949,This is a fascinating story about love and sacrifice.,Romance
Musical_18,11/17,Sun,19:00,50000,40185289,84.69,"Actor L,Actor V,Actor A,Actor C,Actor K",Sydney Opera House,949,This is a fascinating story about love and sacrifice.,Romance
Musical_18,12/14,Sat,14:00,50000,12982193,27.36,"Actor C,Actor P,Actor Y,Actor B,Actor L",Sydney Opera House,949,This is a fascinating story about love and sacrifice.,Romance
Musical_18,11/25,Mon,14:00,50000,19063869,40.18,"Actor S,Actor I,Actor X,Actor E,Actor O",Sydney Opera House,949,This is a fascinating story about love and sacrifice.,Romance
Musical_18,12/14,Sat,19:00,50000,28691993,60.47,"Actor Z,Actor U,Actor Y,Actor N,Actor X",Sydney Opera House,949,This is a fascinating story about love and sacrifice.,Romance
Musical_19,11/28,Thu,19:00,70000,15193532,22.75,"Actor L,Actor M,Actor B,Actor D,Actor G",National Theatre,954,This is a fascinating story about love and sacrifice.,Romance
Musical_19,12/13,Fri,14:00,70000,44031519,65.94,"Actor J,Actor E,Actor Q,Actor F,Actor M",National Theatre,954,This is a fascinating story about love and sacrifice.,Romance
Musical_19,12/13,Fri,14:00,70000,23736325,35.54,"Actor H,Actor R,Actor F,Actor Y,Actor L",National Theatre,954,This is a fascinating story about love and sacrifice.,Romance
Musical_19,11/30,Sat,14:00,70000,5284565,7.91,"Actor M,Actor N,Actor S,Actor D,Actor I",National Theatre,954,This is a fascinating story about love and sacrifice.,Romance
Musical_19,12/12,Thu,19:00,70000,44034733,65.94,"Actor D,Actor N,Actor J,Actor R,Actor S",National Theatre,954,This is a fascinating story about love and sacrifice.,Romance
Musical_19,12/05,Thu,19:00,70000,7621088,11.41,"Actor K,Actor J,Actor E,Actor T,Actor Z",National Theatre,954,This is a fascinating story about love and sacrifice.,Romance
Musical_19,11/23,Sat,14:00,70000,10234307,15.33,"Actor H,Actor V,Actor K,Actor G,Actor A",National Theatre,954,This is a fascinating story about love and sacrifice.,Romance
Musical_19,12/09,Mon,19:00,70000,43504204,65.15,"Actor E,Actor N,Actor V,Actor W,Actor M",National Theatre,954,This is a fascinating story about love and sacrifice.,Romance
Musical_19,12/13,Fri,19:00,70000,27909965,41.79,"Actor Q,Actor X,Actor O,Actor G,Actor M",National Theatre,954,This is a fascinating story about love and sacrifice.,Romance
Musical_19,12/14,Sat,14:00,70000,46293096,69.32,"Actor V,Actor K,Actor H,Actor X,Actor D",National Theatre,954,This is a fascinating story about love and sacrifice.,Romance
Musical_19,12/09,Mon,14:00,70000,12353291,18.5,"Actor L,Actor C,Actor H,Actor U,Actor A",National Theatre,954,This is a fascinating story about love and sacrifice.,Romance
Musical_19,12/01,Sun,14:00,70000,13056069,19.55,"Actor R,Actor E,Actor N,Actor J,Actor B",National Theatre,954,This is a fascinating story about love and sacrifice.,Romance
Musical_19,12/07,Sat,14:00,70000,46903813,70.24,"Actor B,Actor Q,Actor I,Actor X,Actor Y",National Theatre,954,This is a fascinating story about love and sacrifice.,Romance
Musical_19,11/26,Tue,14:00,70000,35600929,53.31,"Actor I,Actor H,Actor R,Actor T,Actor P",National Theatre,954,This is a fascinating story about love and sacrifice.,Romance
Musical_19,12/05,Thu,14:00,70000,43352284,64.92,"Actor P,Actor R,Actor K,Actor L,Actor M",National Theatre,954,This is a fascinating story about love and sacrifice.,Romance
Musical_19,11/17,Sun,14:00,70000,40867820,61.2,"Actor S,Actor R,Actor X,Actor J,Actor I",National Theatre,954,This is a fascinating story about love and sacrifice.,Romance
Musical_19,11/28,Thu,14:00,70000,41943337,62.81,"Actor T,Actor F,Actor Z,Actor E,Actor J",National Theatre,954,This is a fascinating story about love and sacrifice.,Romance
Musical_19,12/12,Thu,14:00,70000,42204594,63.2,"Actor K,Actor I,Actor M,Actor D,Actor R",National Theatre,954,This is a fascinating story about love and sacrifice.,Romance
Musical_19,12/14,Sat,19:00,70000,42380924,63.46,"Actor E,Actor C,Actor O,Actor X,Actor V",National Theatre,954,This is a fascinating story about love and sacrifice.,Romance
Musical_19,12/10,Tue,19:00,70000,23380139,35.01,"Actor H,Actor K,Actor C,Actor G,Actor D",National Theatre,954,This is a fascinating story about love and sacrifice.,Romance
Musical_1,12/10,Tue,14:00,50000,16783260,36.02,"Actor D,Actor F,Actor Y,Actor M,Actor P",Broadway Theatre,932,This is a fascinating story about love and sacrifice.,Historical
Musical_1,12/02,Mon,14:00,50000,19504544,41.86,"Actor T,Actor I,Actor D,Actor R,Actor M",Broadway Theatre,932,This is a fascinating story about love and sacrifice.,Historical
Musical_1,11/16,Sat,14:00,50000,1984486,4.26,"Actor S,Actor V,Actor C,Actor J,Actor R",Broadway Theatre,932,This is a fascinating story about love and sacrifice.,Historical
Musical_1,11/23,Sat,14:00,50000,5202070,11.16,"Actor W,Actor H,Actor U,Actor X,Actor M",Broadway Theatre,932,This is a fascinating story about love and sacrifice.,Historical
Musical_1,11/26,Tue,14:00,50000,2448980,5.26,"Actor V,Actor E,Actor C,Actor T,Actor K",Broadway Theatre,932,This is a fascinating story about love and sacrifice.,Historical
Musical_1,12/08,Sun,19:00,50000,6228918,13.37,"Actor Q,Actor S,Actor E,Actor P,Actor X",Broadway Theatre,932,This is a fascinating story about love and sacrifice.,Historical
Musical_1,12/01,Sun,19:00,50000,11023697,23.66,"Actor O,Actor G,Actor V,Actor B,Actor P",Broadway Theatre,932,This is a fascinating story about love and sacrifice.,Historical
Musical_1,12/01,Sun,14:00,50000,7288172,15.64,"Actor M,Actor R,Actor H,Actor D,Actor G",Broadway Theatre,932,This is a fascinating story about love and sacrifice.,Historical
Musical_1,12/02,Mon,19:00,50000,1423320,3.05,"Actor Z,Actor J,Actor F,Actor E,Actor T",Broadway Theatre,932,This is a fascinating story about love and sacrifice.,Historical
Musical_1,12/13,Fri,14:00,50000,1498524,3.22,"Actor T,Actor L,Actor D,Actor M,Actor S",Broadway Theatre,932,This is a fascinating story about love and sacrifice.,Historical
Musical_1,11/18,Mon,14:00,50000,12844539,27.56,"Actor O,Actor S,Actor L,Actor T,Actor P",Broadway Theatre,932,This is a fascinating story about love and sacrifice.,Historical
Musical_1,12/11,Wed,14:00,50000,25876621,55.53,"Actor V,Actor D,Actor U,Actor W,Actor T",Broadway Theatre,932,This is a fascinating story about love and sacrifice.,Historical
Musical_1,11/18,Mon,14:00,50000,17228393,36.97,"Actor Q,Actor R,Actor T,Actor C,Actor O",Broadway Theatre,932,This is a fascinating story about love and sacrifice.,Historical
Musical_1,12/04,Wed,14:00,50000,15304978,32.84,"Actor H,Actor J,Actor G,Actor W,Actor R",Broadway Theatre,932,This is a fascinating story about love and sacrifice.,Historical
Musical_1,12/08,Sun,14:00,50000,1718193,3.69,"Actor V,Actor G,Actor W,Actor L,Actor N",Broadway Theatre,932,This is a fascinating story about love and sacrifice.,Historical
Musical_1,12/15,Sun,14:00,50000,19043689,40.87,"Actor I,Actor R,Actor C,Actor F,Actor Y",Broadway Theatre,932,This is a fascinating story about love and sacrifice.,Historical
Musical_1,11/22,Fri,14:00,50000,10428344,22.38,"Actor P,Actor B,Actor E,Actor A,Actor F",Broadway Theatre,932,This is a fascinating story about love and sacrifice.,Historical
Musical_1,12/10,Tue,14:00,50000,16887134,36.24,"Actor Q,Actor X,Actor N,Actor R,Actor W",Broadway Theatre,932,This is a fascinating story about love and sacrifice.,Historical
Musical_1,11/30,Sat,19:00,50000,6692138,14.36,"Actor T,Actor G,Actor J,Actor V,Actor W",Broadway Theatre,932,This is a fascinating story about love and sacrifice.,Historical
Musical_1,12/12,Thu,14:00,50000,24098351,51.71,"Actor T,Actor L,Actor X,Actor Y,Actor K",Broadway Theatre,932,This is a fascinating story about love and sacrifice.,Historical
Musical_20,11/19,Tue,19:00,50000,17863593,37.45,"Actor H,Actor S,Actor R,Actor T,Actor L",National Theatre,954,This is a fascinating story about love and sacrifice.,Romance
Musical_20,11/26,Tue,19:00,50000,12109809,25.39,"Actor C,Actor A,Actor I,Actor T,Actor U",National Theatre,954,This is a fascinating story about love and sacrifice.,Romance
Musical_20,11/25,Mon,19:00,50000,6974491,14.62,"Actor L,Actor Y,Actor V,Actor U,Actor M",National Theatre,954,This is a fascinating story about love and sacrifice.,Romance
Musical_20,12/03,Tue,14:00,50000,26750286,56.08,"Actor V,Actor I,Actor X,Actor Y,Actor W",National Theatre,954,This is a fascinating story about love and sacrifice.,Romance
Musical_20,11/30,Sat,14:00,50000,26610059,55.79,"Actor X,Actor G,Actor H,Actor P,Actor L",National Theatre,954,This is a fascinating story about love and sacrifice.,Romance
Musical_20,11/29,Fri,19:00,50000,26056893,54.63,"Actor Q,Actor L,Actor H,Actor R,Actor W",National Theatre,954,This is a fascinating story about love and sacrifice.,Romance
Musical_20,12/01,Sun,14:00,50000,1156419,2.42,"Actor N,Actor P,Actor T,Actor Q,Actor I",National Theatre,954,This is a fascinating story about love and sacrifice.,Romance
Musical_20,12/08,Sun,19:00,50000,25969390,54.44,"Actor D,Actor S,Actor L,Actor F,Actor T",National Theatre,954,This is a fascinating story about love and sacrifice.,Romance
Musical_20,11/24,Sun,14:00,50000,3945084,8.27,"Actor U,Actor X,Actor J,Actor T,Actor Y",National Theatre,954,This is a fascinating story about love and sacrifice.,Romance
Musical_20,12/03,Tue,19:00,50000,10264060,21.52,"Actor A,Actor M,Actor I,Actor T,Actor Z",National Theatre,954,This is a fascinating story about love and sacrifice.,Romance
Musical_20,11/29,Fri,19:00,50000,23743090,49.78,"Actor G,Actor E,Actor M,Actor J,Actor F",National Theatre,954,This is a fascinating story about love and sacrifice.,Romance
Musical_20,12/07,Sat,14:00,50000,26640395,55.85,"Actor V,Actor H,Actor G,Actor L,Actor Y",National Theatre,954,This is a fascinating story about love and sacrifice.,Romance
Musical_20,12/06,Fri,14:00,50000,7691840,16.13,"Actor D,Actor S,Actor C,Actor N,Actor Z",National Theatre,954,This is a fascinating story about love and sacrifice.,Romance
Musical_20,12/06,Fri,14:00,50000,15153767,31.77,"Actor J,Actor C,Actor W,Actor G,Actor A",National Theatre,954,This is a fascinating story about love and sacrifice.,Romance
Musical_20,12/01,Sun,19:00,50000,16898561,35.43,"Actor Z,Actor X,Actor I,Actor Q,Actor M",National Theatre,954,This is a fascinating story about love and sacrifice.,Romance
Musical_20,12/02,Mon,19:00,50000,17166784,35.99,"Actor F,Actor G,Actor L,Actor K,Actor W",National Theatre,954,This is a fascinating story about love and sacrifice.,Romance
Musical_20,11/28,Thu,14:00,50000,8228607,17.25,"Actor Z,Actor M,Actor X,Actor P,Actor Q",National Theatre,954,This is a fascinating story about love and sacrifice.,Romance
Musical_20,12/05,Thu,14:00,50000,20455620,42.88,"Actor N,Actor O,Actor G,Actor Q,Actor K",National Theatre,954,This is a fascinating story about love and sacrifice.,Romance
Musical_20,11/30,Sat,14:00,50000,22000280,46.12,"Actor K,Actor T,Actor Y,Actor H,Actor J",National Theatre,954,This is a fascinating story about love and sacrifice.,Romance
Musical_20,12/09,Mon,19:00,50000,16048329,33.64,"Actor R,Actor W,Actor H,Actor I,Actor A",National Theatre,954,This is a fascinating story about love and sacrifice.,Romance
Musical_2,11/20,Wed,19:00,120000,74916442,65.44,"Actor G,Actor Q,Actor L,Actor N,Actor X",National Theatre,954,This is a fascinating story about love and sacrifice.,Romance
Musical_2,11/29,Fri,19:00,120000,33125105,28.94,"Actor P,Actor M,Actor I,Actor X,Actor K",National Theatre,954,This is a fascinating story about love and sacrifice.,Romance
Musical_2,12/08,Sun,19:00,120000,48978791,42.78,"Actor Y,Actor B,Actor K,Actor T,Actor G",National Theatre,954,This is a fascinating story about love and sacrifice.,Romance
Musical_2,11/20,Wed,14:00,120000,75960054,66.35,"Actor V,Actor W,Actor G,Actor O,Actor N",National Theatre,954,This is a fascinating story about love and sacrifice.,Romance
Musical_2,12/04,Wed,19:00,120000,43025574,37.58,"Actor K,Actor Z,Actor O,Actor C,Actor F",National Theatre,954,This is a fascinating story about love and sacrifice.,Romance
Musical_2,12/07,Sat,14:00,120000,83796605,73.2,"Actor Q,Actor B,Actor F,Actor X,Actor M",National Theatre,954,This is a fascinating story about love and sacrifice.,Romance
Musical_2,12/06,Fri,14:00,120000,83811949,73.21,"Actor E,Actor N,Actor C,Actor F,Actor V",National Theatre,954,This is a fascinating story about love and sacrifice.,Romance
Musical_2,12/06,Fri,14:00,120000,26860686,23.46,"Actor F,Actor G,Actor C,Actor M,Actor A",National Theatre,954,This is a fascinating story about love and sacrifice.,Romance
Musical_2,12/12,Thu,14:00,120000,54443517,47.56,"Actor V,Actor U,Actor E,Actor Y,Actor F",National Theatre,954,This is a fascinating story about love and sacrifice.,Romance
Musical_2,11/20,Wed,14:00,120000,43484738,37.98,"Actor V,Actor S,Actor Q,Actor L,Actor I",National Theatre,954,This is a fascinating story about love and sacrifice.,Romance
Musical_2,12/04,Wed,19:00,120000,22717595,19.84,"Actor C,Actor V,Actor K,Actor O,Actor H",National Theatre,954,This is a fascinating story about love and sacrifice.,Romance
Musical_2,12/09,Mon,14:00,120000,47287216,41.31,"Actor M,Actor L,Actor K,Actor X,Actor H",National Theatre,954,This is a fascinating story about love and sacrifice.,Romance
Musical_2,12/15,Sun,19:00,120000,63513264,55.48,"Actor U,Actor T,Actor F,Actor D,Actor Q",National Theatre,954,This is a fascinating story about love and sacrifice.,Romance
Musical_2,12/15,Sun,19:00,120000,46809316,40.89,"Actor P,Actor X,Actor B,Actor L,Actor F",National Theatre,954,This is a fascinating story about love and sacrifice.,Romance
Musical_2,12/13,Fri,19:00,120000,77327382,67.55,"Actor F,Actor G,Actor N,Actor Z,Actor Y",National Theatre,954,This is a fascinating story about love and sacrifice.,Romance
Musical_2,12/10,Tue,19:00,120000,27339574,23.88,"Actor X,Actor M,Actor J,Actor N,Actor U",National Theatre,954,This is a fascinating story about love and sacrifice.,Romance
Musical_2,11/23,Sat,14:00,120000,76003824,66.39,"Actor Z,Actor C,Actor M,Actor L,Actor D",National Theatre,954,This is a fascinating story about love and sacrifice.,Romance
Musical_2,12/02,Mon,14:00,120000,46391555,40.52,"Actor Z,Actor M,Actor G,Actor L,Actor W",National Theatre,954,This is a fascinating story about love and sacrifice.,Romance
Musical_2,12/06,Fri,19:00,120000,47596568,41.58,"Actor P,Actor W,Actor J,Actor D,Actor X",National Theatre,954,This is a fascinating story about love and sacrifice.,Romance
Musical_2,11/20,Wed,14:00,120000,34236227,29.91,"Actor B,Actor X,Actor E,Actor G,Actor L",National Theatre,954,This is a fascinating story about love and sacrifice.,Romance
Musical_3,11/25,Mon,14:00,120000,61351775,53.48,"Actor G,Actor H,Actor A,Actor L,Actor F",West End Theatre,956,This is a fascinating story about love and sacrifice.,Historical
Musical_3,12/01,Sun,19:00,120000,40484225,35.29,"Actor Q,Actor H,Actor R,Actor O,Actor S",West End Theatre,956,This is a fascinating story about love and sacrifice.,Historical
Musical_3,11/28,Thu,19:00,120000,10366134,9.04,"Actor P,Actor J,Actor X,Actor D,Actor Y",West End Theatre,956,This is a fascinating story about love and sacrifice.,Historical
Musical_3,12/13,Fri,14:00,120000,74105236,64.6,"Actor I,Actor V,Actor A,Actor N,Actor G",West End Theatre,956,This is a fascinating story about love and sacrifice.,Historical
Musical_3,12/15,Sun,14:00,120000,39557223,34.48,"Actor F,Actor W,Actor M,Actor N,Actor O",West End Theatre,956,This is a fascinating story about love and sacrifice.,Historical
Musical_3,12/04,Wed,19:00,120000,41471568,36.15,"Actor Q,Actor U,Actor R,Actor V,Actor O",West End Theatre,956,This is a fascinating story about love and sacrifice.,Historical
Musical_3,11/28,Thu,19:00,120000,97227991,84.75,"Actor Y,Actor R,Actor Q,Actor B,Actor I",West End Theatre,956,This is a fascinating story about love and sacrifice.,Historical
Musical_3,11/20,Wed,14:00,120000,26810564,23.37,"Actor W,Actor S,Actor J,Actor E,Actor T",West End Theatre,956,This is a fascinating story about love and sacrifice.,Historical
Musical_3,12/08,Sun,19:00,120000,21072776,18.37,"Actor A,Actor Q,Actor E,Actor J,Actor D",West End Theatre,956,This is a fascinating story about love and sacrifice.,Historical
Musical_3,12/01,Sun,19:00,120000,76241724,66.46,"Actor J,Actor S,Actor W,Actor E,Actor R",West End Theatre,956,This is a fascinating story about love and sacrifice.,Historical
Musical_3,12/04,Wed,19:00,120000,39533062,34.46,"Actor O,Actor H,Actor S,Actor D,Actor E",West End Theatre,956,This is a fascinating story about love and sacrifice.,Historical
Musical_3,11/18,Mon,14:00,120000,14310563,12.47,"Actor P,Actor G,Actor R,Actor O,Actor C",West End Theatre,956,This is a fascinating story about love and sacrifice.,Historical
Musical_3,11/21,Thu,14:00,120000,73948061,64.46,"Actor C,Actor Y,Actor M,Actor B,Actor I",West End Theatre,956,This is a fascinating story about love and sacrifice.,Historical
Musical_3,12/08,Sun,14:00,120000,78400098,68.34,"Actor M,Actor I,Actor L,Actor H,Actor S",West End Theatre,956,This is a fascinating story about love and sacrifice.,Historical
Musical_3,12/09,Mon,14:00,120000,21566673,18.8,"Actor Y,Actor R,Actor Z,Actor W,Actor K",West End Theatre,956,This is a fascinating story about love and sacrifice.,Historical
Musical_3,11/21,Thu,14:00,120000,29967244,26.12,"Actor U,Actor P,Actor X,Actor N,Actor O",West End Theatre,956,This is a fascinating story about love and sacrifice.,Historical
Musical_3,12/06,Fri,14:00,120000,99835453,87.03,"Actor S,Actor A,Actor P,Actor Y,Actor H",West End Theatre,956,This is a fascinating story about love and sacrifice.,Historical
Musical_3,11/17,Sun,14:00,120000,62711094,54.66,"Actor F,Actor D,Actor O,Actor C,Actor K",West End Theatre,956,This is a fascinating story about love and sacrifice.,Historical
Musical_3,11/25,Mon,14:00,120000,40518984,35.32,"Actor G,Actor X,Actor Z,Actor O,Actor Y",West End Theatre,956,This is a fascinating story about love and sacrifice.,Historical
Musical_3,11/24,Sun,19:00,120000,43256756,37.71,"Actor F,Actor X,Actor Y,Actor N,Actor M",West End Theatre,956,This is a fascinating story about love and sacrifice.,Historical
Musical_4,11/21,Thu,14:00,70000,17416239,26.03,"Actor I,Actor O,Actor T,Actor K,Actor V",West End Theatre,956,This is a fascinating story about love and sacrifice.,Historical
Musical_4,12/11,Wed,19:00,70000,22588279,33.75,"Actor Z,Actor F,Actor B,Actor A,Actor W",West End Theatre,956,This is a fascinating story about love and sacrifice.,Historical
Musical_4,12/05,Thu,14:00,70000,16349802,24.43,"Actor B,Actor N,Actor L,Actor T,Actor I",West End Theatre,956,This is a fascinating story about love and sacrifice.,Historical
Musical_4,12/07,Sat,14:00,70000,32243394,48.18,"Actor M,Actor X,Actor S,Actor D,Actor J",West End Theatre,956,This is a fascinating story about love and sacrifice.,Historical
Musical_4,11/30,Sat,14:00,70000,32501252,48.57,"Actor H,Actor C,Actor X,Actor F,Actor U",West End Theatre,956,This is a fascinating story about love and sacrifice.,Historical
Musical_4,12/02,Mon,19:00,70000,3864651,5.78,"Actor W,Actor N,Actor Y,Actor X,Actor H",West End Theatre,956,This is a fascinating story about love and sacrifice.,Historical
Musical_4,11/22,Fri,19:00,70000,799967,1.2,"Actor J,Actor W,Actor R,Actor H,Actor B",West End Theatre,956,This is a fascinating story about love and sacrifice.,Historical
Musical_4,12/13,Fri,14:00,70000,39621289,59.21,"Actor R,Actor Z,Actor X,Actor N,Actor I",West End Theatre,956,This is a fascinating story about love and sacrifice.,Historical
Musical_4,11/23,Sat,14:00,70000,17163186,25.65,"Actor O,Actor I,Actor N,Actor F,Actor E",West End Theatre,956,This is a fascinating story about love and sacrifice.,Historical
Musical_4,12/02,Mon,14:00,70000,9446887,14.12,"Actor R,Actor X,Actor C,Actor K,Actor Q",West End Theatre,956,This is a fascinating story about love and sacrifice.,Historical
Musical_4,11/18,Mon,19:00,70000,41834302,62.51,"Actor E,Actor U,Actor Y,Actor L,Actor C",West End Theatre,956,This is a fascinating story about love and sacrifice.,Historical
Musical_4,11/18,Mon,14:00,70000,37201532,55.59,"Actor J,Actor W,Actor V,Actor F,Actor P",West End Theatre,956,This is a fascinating story about love and sacrifice.,Historical
Musical_4,12/12,Thu,14:00,70000,14163024,21.16,"Actor N,Actor R,Actor D,Actor Y,Actor H",West End Theatre,956,This is a fascinating story about love and sacrifice.,Historical
Musical_4,12/03,Tue,14:00,70000,11198136,16.73,"Actor O,Actor V,Actor M,Actor K,Actor X",West End Theatre,956,This is a fascinating story about love and sacrifice.,Historical
Musical_4,12/05,Thu,19:00,70000,20248102,30.26,"Actor Y,Actor S,Actor O,Actor T,Actor R",West End Theatre,956,This is a fascinating story about love and sacrifice.,Historical
Musical_4,11/30,Sat,19:00,70000,10213289,15.26,"Actor D,Actor N,Actor A,Actor J,Actor F",West End Theatre,956,This is a fascinating story about love and sacrifice.,Historical
Musical_4,11/25,Mon,14:00,70000,8932383,13.35,"Actor E,Actor N,Actor A,Actor G,Actor M",West End Theatre,956,This is a fascinating story about love and sacrifice.,Historical
Musical_4,11/26,Tue,19:00,70000,32703618,48.87,"Actor D,Actor Q,Actor J,Actor W,Actor Z",West End Theatre,956,This is a fascinating story about love and sacrifice.,Historical
Musical_4,12/05,Thu,14:00,70000,21717299,32.45,"Actor N,Actor E,Actor I,Actor L,Actor C",West End Theatre,956,This is a fascinating story about love and sacrifice.,Historical
Musical_4,11/19,Tue,14:00,70000,46134856,68.94,"Actor H,Actor Y,Actor C,Actor V,Actor I",West End Theatre,956,This is a fascinating story about love and sacrifice.,Historical
Musical_5,11/16,Sat,14:00,120000,4421,0.0,"Actor M,Actor N,Actor I,Actor P,Actor L",Sydney Opera House,949,This is a fascinating story about love and sacrifice.,Drama
Musical_5,11/30,Sat,14:00,120000,66430624,58.33,"Actor L,Actor Q,Actor E,Actor R,Actor G",Sydney Opera House,949,This is a fascinating story about love and sacrifice.,Drama
Musical_5,12/14,Sat,19:00,120000,61093540,53.65,"Actor C,Actor Y,Actor N,Actor B,Actor O",Sydney Opera House,949,This is a fascinating story about love and sacrifice.,Drama
Musical_5,12/12,Thu,14:00,120000,91908738,80.71,"Actor D,Actor A,Actor X,Actor T,Actor U",Sydney Opera House,949,This is a fascinating story about love and sacrifice.,Drama
Musical_5,12/07,Sat,19:00,120000,43758750,38.43,"Actor Z,Actor B,Actor U,Actor S,Actor D",Sydney Opera House,949,This is a fascinating story about love and sacrifice.,Drama
Musical_5,12/04,Wed,19:00,120000,91973751,80.76,"Actor U,Actor K,Actor M,Actor B,Actor F",Sydney Opera House,949,This is a fascinating story about love and sacrifice.,Drama
Musical_5,11/25,Mon,19:00,120000,69349361,60.9,"Actor B,Actor Z,Actor N,Actor O,Actor P",Sydney Opera House,949,This is a fascinating story about love and sacrifice.,Drama
Musical_5,11/27,Wed,19:00,120000,604151,0.53,"Actor C,Actor N,Actor Z,Actor W,Actor G",Sydney Opera House,949,This is a fascinating story about love and sacrifice.,Drama
Musical_5,11/16,Sat,14:00,120000,53029037,46.57,"Actor D,Actor G,Actor K,Actor Y,Actor Q",Sydney Opera House,949,This is a fascinating story about love and sacrifice.,Drama
Musical_5,12/14,Sat,19:00,120000,79604447,69.9,"Actor Z,Actor H,Actor T,Actor O,Actor W",Sydney Opera House,949,This is a fascinating story about love and sacrifice.,Drama
Musical_5,11/16,Sat,14:00,120000,20113020,17.66,"Actor I,Actor W,Actor J,Actor E,Actor C",Sydney Opera House,949,This is a fascinating story about love and sacrifice.,Drama
Musical_5,12/03,Tue,14:00,120000,83315564,73.16,"Actor Z,Actor A,Actor B,Actor O,Actor W",Sydney Opera House,949,This is a fascinating story about love and sacrifice.,Drama
Musical_5,12/10,Tue,14:00,120000,64513651,56.65,"Actor J,Actor P,Actor G,Actor Z,Actor V",Sydney Opera House,949,This is a fascinating story about love and sacrifice.,Drama
Musical_5,11/21,Thu,19:00,120000,74407781,65.34,"Actor U,Actor D,Actor R,Actor E,Actor B",Sydney Opera House,949,This is a fascinating story about love and sacrifice.,Drama
Musical_5,11/24,Sun,14:00,120000,47813750,41.99,"Actor N,Actor S,Actor P,Actor A,Actor R",Sydney Opera House,949,This is a fascinating story about love and sacrifice.,Drama
Musical_5,12/01,Sun,19:00,120000,33043748,29.02,"Actor X,Actor H,Actor R,Actor F,Actor P",Sydney Opera House,949,This is a fascinating story about love and sacrifice.,Drama
Musical_5,12/04,Wed,14:00,120000,5543977,4.87,"Actor B,Actor F,Actor H,Actor S,Actor D",Sydney Opera House,949,This is a fascinating story about love and sacrifice.,Drama
Musical_5,11/29,Fri,14:00,120000,18595898,16.33,"Actor V,Actor W,Actor D,Actor R,Actor X",Sydney Opera House,949,This is a fascinating story about love and sacrifice.,Drama
Musical_5,11/18,Mon,14:00,120000,26902744,23.62,"Actor W,Actor P,Actor J,Actor L,Actor M",Sydney Opera House,949,This is a fascinating story about love and sacrifice.,Drama
Musical_5,11/20,Wed,14:00,120000,92522510,81.25,"Actor Q,Actor E,Actor I,Actor L,Actor T",Sydney Opera House,949,This is a fascinating story about love and sacrifice.,Drama
Musical_6,11/25,Mon,14:00,50000,7377482,15.47,"Actor Q,Actor R,Actor S,Actor Z,Actor K",National Theatre,954,This is a fascinating story about love and sacrifice.,Romance
Musical_6,11/16,Sat,19:00,50000,13966262,29.28,"Actor L,Actor F,Actor S,Actor Y,Actor Q",National Theatre,954,This is a fascinating story about love and sacrifice.,Romance
Musical_6,12/06,Fri,19:00,50000,42455658,89.01,"Actor O,Actor B,Actor S,Actor G,Actor F",National Theatre,954,This is a fascinating story about love and sacrifice.,Romance
Musical_6,11/23,Sat,19:00,50000,22701263,47.59,"Actor U,Actor R,Actor G,Actor V,Actor A",National Theatre,954,This is a fascinating story about love and sacrifice.,Romance
Musical_6,12/02,Mon,14:00,50000,21319875,44.7,"Actor V,Actor W,Actor B,Actor N,Actor M",National Theatre,954,This is a fascinating story about love and sacrifice.,Romance
Musical_6,11/27,Wed,14:00,50000,30223792,63.36,"Actor M,Actor F,Actor K,Actor U,Actor W",National Theatre,954,This is a fascinating story about love and sacrifice.,Romance
Musical_6,11/21,Thu,14:00,50000,25099179,52.62,"Actor I,Actor K,Actor R,Actor N,Actor C",National Theatre,954,This is a fascinating story about love and sacrifice.,Romance
Musical_6,11/20,Wed,19:00,50000,11869749,24.88,"Actor X,Actor T,Actor U,Actor C,Actor Q",National Theatre,954,This is a fascinating story about love and sacrifice.,Romance
Musical_6,12/07,Sat,14:00,50000,19702210,41.3,"Actor Z,Actor Q,Actor Y,Actor U,Actor B",National Theatre,954,This is a fascinating story about love and sacrifice.,Romance
Musical_6,11/19,Tue,14:00,50000,14761311,30.95,"Actor K,Actor J,Actor F,Actor V,Actor M",National Theatre,954,This is a fascinating story about love and sacrifice.,Romance
Musical_6,11/21,Thu,19:00,50000,17433032,36.55,"Actor Y,Actor O,Actor H,Actor A,Actor L",National Theatre,954,This is a fascinating story about love and sacrifice.,Romance
Musical_6,11/18,Mon,19:00,50000,11996856,25.15,"Actor F,Actor J,Actor O,Actor E,Actor W",National Theatre,954,This is a fascinating story about love and sacrifice.,Romance
Musical_6,12/15,Sun,19:00,50000,23038319,48.3,"Actor S,Actor E,Actor Y,Actor T,Actor Z",National Theatre,954,This is a fascinating story about love and sacrifice.,Romance
Musical_6,11/19,Tue,19:00,50000,21388953,44.84,"Actor D,Actor Y,Actor X,Actor M,Actor O",National Theatre,954,This is a fascinating story about love and sacrifice.,Romance
Musical_6,11/21,Thu,14:00,50000,14195630,29.76,"Actor G,Actor W,Actor Z,Actor P,Actor I",National Theatre,954,This is a fascinating story about love and sacrifice.,Romance
Musical_6,12/08,Sun,14:00,50000,29050945,60.9,"Actor H,Actor S,Actor B,Actor R,Actor O",National Theatre,954,This is a fascinating story about love and sacrifice.,Romance
Musical_6,12/10,Tue,19:00,50000,44872262,94.07,"Actor E,Actor Q,Actor T,Actor V,Actor X",National Theatre,954,This is a fascinating story about love and sacrifice.,Romance
Musical_6,11/27,Wed,14:00,50000,30096108,63.09,"Actor X,Actor V,Actor I,Actor M,Actor Z",National Theatre,954,This is a fascinating story about love and sacrifice.,Romance
Musical_6,11/30,Sat,19:00,50000,30433547,63.8,"Actor T,Actor I,Actor G,Actor S,Actor Y",National Theatre,954,This is a fascinating story about love and sacrifice.,Romance
Musical_6,11/20,Wed,14:00,50000,4437412,9.3,"Actor P,Actor V,Actor W,Actor K,Actor N",National Theatre,954,This is a fascinating story about love and sacrifice.,Romance
Musical_7,11/20,Wed,14:00,50000,832992,1.79,"Actor G,Actor R,Actor Q,Actor J,Actor S",Broadway Theatre,932,This is a fascinating story about love and sacrifice.,Drama
Musical_7,12/15,Sun,14:00,50000,7007239,15.04,"Actor N,Actor Z,Actor I,Actor Y,Actor G",Broadway Theatre,932,This is a fascinating story about love and sacrifice.,Drama
Musical_7,11/20,Wed,14:00,50000,364848,0.78,"Actor M,Actor I,Actor S,Actor J,Actor G",Broadway Theatre,932,This is a fascinating story about love and sacrifice.,Drama
Musical_7,11/26,Tue,14:00,50000,12330325,26.46,"Actor E,Actor G,Actor D,Actor I,Actor J",Broadway Theatre,932,This is a fascinating story about love and sacrifice.,Drama
Musical_7,12/11,Wed,14:00,50000,7210419,15.47,"Actor O,Actor W,Actor B,Actor M,Actor G",Broadway Theatre,932,This is a fascinating story about love and sacrifice.,Drama
Musical_7,12/14,Sat,19:00,50000,22603587,48.51,"Actor I,Actor X,Actor M,Actor F,Actor K",Broadway Theatre,932,This is a fascinating story about love and sacrifice.,Drama
Musical_7,11/21,Thu,19:00,50000,12531072,26.89,"Actor E,Actor T,Actor C,Actor W,Actor Y",Broadway Theatre,932,This is a fascinating story about love and sacrifice.,Drama
Musical_7,11/16,Sat,19:00,50000,27330956,58.65,"Actor B,Actor R,Actor C,Actor T,Actor E",Broadway Theatre,932,This is a fascinating story about love and sacrifice.,Drama
Musical_7,12/07,Sat,14:00,50000,23867423,51.22,"Actor V,Actor G,Actor C,Actor I,Actor F",Broadway Theatre,932,This is a fascinating story about love and sacrifice.,Drama
Musical_7,11/26,Tue,19:00,50000,6785664,14.56,"Actor Q,Actor D,Actor B,Actor C,Actor X",Broadway Theatre,932,This is a fascinating story about love and sacrifice.,Drama
Musical_7,11/17,Sun,19:00,50000,6325512,13.57,"Actor O,Actor R,Actor Q,Actor A,Actor B",Broadway Theatre,932,This is a fascinating story about love and sacrifice.,Drama
Musical_7,11/18,Mon,19:00,50000,12255776,26.3,"Actor P,Actor F,Actor D,Actor V,Actor R",Broadway Theatre,932,This is a fascinating story about love and sacrifice.,Drama
Musical_7,12/13,Fri,19:00,50000,22934047,49.21,"Actor D,Actor I,Actor C,Actor H,Actor N",Broadway Theatre,932,This is a fascinating story about love and sacrifice.,Drama
Musical_7,12/09,Mon,14:00,50000,1066137,2.29,"Actor L,Actor N,Actor O,Actor T,Actor P",Broadway Theatre,932,This is a fascinating story about love and sacrifice.,Drama
Musical_7,11/23,Sat,14:00,50000,24702088,53.01,"Actor W,Actor G,Actor H,Actor I,Actor E",Broadway Theatre,932,This is a fascinating story about love and sacrifice.,Drama
Musical_7,12/10,Tue,19:00,50000,14699525,31.54,"Actor A,Actor N,Actor M,Actor F,Actor J",Broadway Theatre,932,This is a fascinating story about love and sacrifice.,Drama
Musical_7,11/23,Sat,14:00,50000,20834422,44.71,"Actor T,Actor Z,Actor V,Actor X,Actor A",Broadway Theatre,932,This is a fascinating story about love and sacrifice.,Drama
Musical_7,12/09,Mon,19:00,50000,18564710,39.84,"Actor H,Actor T,Actor D,Actor J,Actor K",Broadway Theatre,932,This is a fascinating story about love and sacrifice.,Drama
Musical_7,11/25,Mon,14:00,50000,19960812,42.83,"Actor Y,Actor P,Actor S,Actor G,Actor Q",Broadway Theatre,932,This is a fascinating story about love and sacrifice.,Drama
Musical_7,12/09,Mon,14:00,50000,13958165,29.95,"Actor P,Actor W,Actor E,Actor R,Actor S",Broadway Theatre,932,This is a fascinating story about love and sacrifice.,Drama
Musical_8,11/25,Mon,19:00,120000,53073280,46.6,"Actor D,Actor W,Actor B,Actor U,Actor G",Sydney Opera House,949,This is a fascinating story about love and sacrifice.,Historical
Musical_8,11/28,Thu,19:00,120000,13432625,11.8,"Actor O,Actor D,Actor U,Actor Y,Actor G",Sydney Opera House,949,This is a fascinating story about love and sacrifice.,Historical
Musical_8,11/17,Sun,19:00,120000,69767580,61.26,"Actor Q,Actor N,Actor B,Actor Y,Actor D",Sydney Opera House,949,This is a fascinating story about love and sacrifice.,Historical
Musical_8,12/08,Sun,19:00,120000,19602460,17.21,"Actor A,Actor Z,Actor F,Actor K,Actor L",Sydney Opera House,949,This is a fascinating story about love and sacrifice.,Historical
Musical_8,12/09,Mon,14:00,120000,20472123,17.98,"Actor V,Actor I,Actor F,Actor S,Actor N",Sydney Opera House,949,This is a fascinating story about love and sacrifice.,Historical
Musical_8,11/18,Mon,14:00,120000,56451543,49.57,"Actor M,Actor T,Actor J,Actor A,Actor E",Sydney Opera House,949,This is a fascinating story about love and sacrifice.,Historical
Musical_8,12/15,Sun,19:00,120000,17505610,15.37,"Actor Y,Actor U,Actor H,Actor K,Actor J",Sydney Opera House,949,This is a fascinating story about love and sacrifice.,Historical
Musical_8,11/16,Sat,14:00,120000,64280115,56.45,"Actor G,Actor R,Actor M,Actor Y,Actor A",Sydney Opera House,949,This is a fascinating story about love and sacrifice.,Historical
Musical_8,12/08,Sun,14:00,120000,26227833,23.03,"Actor Z,Actor S,Actor U,Actor H,Actor P",Sydney Opera House,949,This is a fascinating story about love and sacrifice.,Historical
Musical_8,11/23,Sat,19:00,120000,79666582,69.96,"Actor E,Actor J,Actor X,Actor T,Actor W",Sydney Opera House,949,This is a fascinating story about love and sacrifice.,Historical
Musical_8,11/22,Fri,14:00,120000,63402885,55.68,"Actor O,Actor I,Actor Z,Actor L,Actor H",Sydney Opera House,949,This is a fascinating story about love and sacrifice.,Historical
Musical_8,11/26,Tue,19:00,120000,64856335,56.95,"Actor H,Actor M,Actor J,Actor D,Actor S",Sydney Opera House,949,This is a fascinating story about love and sacrifice.,Historical
Musical_8,12/12,Thu,14:00,120000,9797430,8.6,"Actor M,Actor E,Actor X,Actor B,Actor D",Sydney Opera House,949,This is a fascinating story about love and sacrifice.,Historical
Musical_8,11/21,Thu,19:00,120000,41071663,36.07,"Actor D,Actor C,Actor T,Actor A,Actor L",Sydney Opera House,949,This is a fascinating story about love and sacrifice.,Historical
Musical_8,12/01,Sun,14:00,120000,53514756,46.99,"Actor P,Actor J,Actor N,Actor H,Actor V",Sydney Opera House,949,This is a fascinating story about love and sacrifice.,Historical
Musical_8,12/12,Thu,19:00,120000,8339116,7.32,"Actor A,Actor R,Actor T,Actor U,Actor Y",Sydney Opera House,949,This is a fascinating story about love and sacrifice.,Historical
Musical_8,12/13,Fri,19:00,120000,57041237,50.09,"Actor O,Actor G,Actor J,Actor T,Actor P",Sydney Opera House,949,This is a fascinating story about love and sacrifice.,Historical
Musical_8,12/11,Wed,14:00,120000,25423378,22.32,"Actor L,Actor T,Actor V,Actor Z,Actor W",Sydney Opera House,949,This is a fascinating story about love and sacrifice.,Historical
Musical_8,12/10,Tue,19:00,120000,44978402,39.5,"Actor I,Actor E,Actor Y,Actor P,Actor V",Sydney Opera House,949,This is a fascinating story about love and sacrifice.,Historical
Musical_8,11/23,Sat,14:00,120000,54455000,47.82,"Actor P,Actor X,Actor S,Actor A,Actor L",Sydney Opera House,949,This is a fascinating story about love and sacrifice.,Historical
Musical_9,12/08,Sun,19:00,90000,3758766,4.37,"Actor M,Actor J,Actor V,Actor A,Actor G",West End Theatre,956,This is a fascinating story about love and sacrifice.,Historical
Musical_9,11/22,Fri,19:00,90000,46987802,54.61,"Actor E,Actor Z,Actor N,Actor I,Actor B",West End Theatre,956,This is a fascinating story about love and sacrifice.,Historical
Musical_9,11/27,Wed,19:00,90000,38488899,44.73,"Actor D,Actor U,Actor X,Actor K,Actor T",West End Theatre,956,This is a fascinating story about love and sacrifice.,Historical
Musical_9,12/01,Sun,14:00,90000,43633976,50.71,"Actor B,Actor S,Actor G,Actor V,Actor I",West End Theatre,956,This is a fascinating story about love and sacrifice.,Historical
Musical_9,11/27,Wed,19:00,90000,5742466,6.67,"Actor C,Actor G,Actor N,Actor H,Actor K",West End Theatre,956,This is a fascinating story about love and sacrifice.,Historical
Musical_9,11/30,Sat,19:00,90000,34191868,39.74,"Actor T,Actor W,Actor R,Actor J,Actor M",West End Theatre,956,This is a fascinating story about love and sacrifice.,Historical
Musical_9,12/15,Sun,14:00,90000,18034596,20.96,"Actor B,Actor U,Actor L,Actor F,Actor Q",West End Theatre,956,This is a fascinating story about love and sacrifice.,Historical
Musical_9,12/11,Wed,19:00,90000,18190386,21.14,"Actor N,Actor T,Actor J,Actor W,Actor O",West End Theatre,956,This is a fascinating story about love and sacrifice.,Historical
Musical_9,11/28,Thu,14:00,90000,18391610,21.38,"Actor L,Actor W,Actor P,Actor V,Actor R",West End Theatre,956,This is a fascinating story about love and sacrifice.,Historical
Musical_9,11/28,Thu,19:00,90000,40456096,47.02,"Actor S,Actor B,Actor J,Actor G,Actor N",West End Theatre,956,This is a fascinating story about love and sacrifice.,Historical
Musical_9,12/03,Tue,14:00,90000,5370246,6.24,"Actor G,Actor R,Actor T,Actor L,Actor O",West End Theatre,956,This is a fascinating story about love and sacrifice.,Historical
Musical_9,11/19,Tue,14:00,90000,5824222,6.77,"Actor F,Actor V,Actor M,Actor X,Actor E",West End Theatre,956,This is a fascinating story about love and sacrifice.,Historical
Musical_9,11/19,Tue,14:00,90000,5652434,6.57,"Actor U,Actor S,Actor J,Actor L,Actor Q",West End Theatre,956,This is a fascinating story about love and sacrifice.,Historical
Musical_9,11/21,Thu,19:00,90000,48198988,56.02,"Actor P,Actor E,Actor C,Actor N,Actor M",West End Theatre,956,This is a fascinating story about love and sacrifice.,Historical
Musical_9,12/09,Mon,14:00,90000,84187,0.1,"Actor M,Actor F,Actor H,Actor C,Actor S",West End Theatre,956,This is a fascinating story about love and sacrifice.,Historical
Musical_9,12/01,Sun,19:00,90000,13582651,15.79,"Actor P,Actor H,Actor R,Actor L,Actor Y",West End Theatre,956,This is a fascinating story about love and sacrifice.,Historical
Musical_9,12/06,Fri,19:00,90000,10568364,12.28,"Actor I,Actor T,Actor A,Actor V,Actor H",West End Theatre,956,This is a fascinating story about love and sacrifice.,Historical
Musical_9,12/12,Thu,19:00,90000,41184267,47.87,"Actor B,Actor W,Actor K,Actor N,Actor A",West End Theatre,956,This is a fascinating story about love and sacrifice.,Historical
Musical_9,12/02,Mon,19:00,90000,43926836,51.05,"Actor B,Actor J,Actor X,Actor A,Actor T",West End Theatre,956,This is a fascinating story about love and sacrifice.,Historical
Musical_9,12/08,Sun,19:00,90000,1237715,1.44,"Actor H,Actor Y,Actor J,Actor S,Actor K",West End Theatre,956,This is a fascinating story about love and sacrifice.,Historical
